max;;heir
max; 380631312876;heir
max;;heir
max;;heir
max;;Abdulova
max;;Abdulova
max;;Abdulova
max;;Abdulova
;;
;;
undefined;;Горностаева
undefined;;Горностаева
Nick_test;;Горностаева
;;Горностаева
;;Горностаева
Дмитрий;;Горностаева
Дмитрий;;Мазина
Дмитрий;;Авякян
Дмитрий;;Дьяков
Дмитрий;;Кудлай
Дмитрий;;Трушенко
Дмитрий;;Ковальчук
Дмитрий;;
Дмитрий;;
;;Мазина
;;Мазина
max(test);;Мазина
Иван;;Мазина
Иван;;Мазина
Лена;;Мазина
Вероника Клубника Сладкая;;Мазина
;;Горностаева
icons8-down-arrow-50.png;;Горностаева
;;
Тест;;Горностаева
Тест;;Горностаева
Тест;;Горностаева
Тест;;Горностаева
Тест;;Горностаева
Тест;;Горностаева
Тест;;Горностаева
Тест;;Мазина
Тест;;Мазина
Тест;;Мазина
Тест;;Мазина
Тест;;Мазина
Тест;;Мазина
Тест;;Мазина
Тест;;Мазина
Тест;;Горностаева
Тест;;Горностаева
Тест;;Горностаева
Тест;;Горностаева
Тест;;Горностаева
Тест;;Горностаева
Тест;;Горностаева
Тест;;Горностаева
Тест;;Горностаева
Тест;;Горностаева
Тест;;Горностаева
Тест;;Горностаева
Тест;;Горностаева
Тест;;Горностаева
;;Горностаева
test;;test
max;;Abdulova
test;;test
test;;test
test;;test
test;;test
test;;test
test;;test
sdga_test;;asdg_test
sdfg_test;;asd_test
sadga_test;;test
test;;Горностаева
test;;Горностаева
;;
test;;test
test;;test
test;;test
test;;test
Dmytro Peretiatko;;Mazina
Dmytro Peretiatko;;Mazina
artem;;Ann
Artem Skrypnyk;;asd
Dmytro Peretiatko;;Mazina
Ольга;;Маникюр
Artem Skrypnyk;;Ann
FirstName LastName;;Ann
FirstName LastName;;Ann
FirstName LastName;;Ann
FirstName LastName;;Ann
FirstName LastName;;Ann
Artem Skrypnyk;;Ann
Artem Skrypnyk;;Ann
max;;master
Dmytro Peretiatko;;Mazina
Николай Мельниченко;;test
chj;;sdfghj
ывапро;;смро
Ольга;;Маникюр
Николай Мельниченко;;test
Ольга;;Педикюр
Dmytro Peretiatko;;Mazina
Dmytro Peretiatko;;Mazina
Dmytro Peretiatko;;Mazina
Dmytro Peretiatko;;Mazina
Dmytro Peretiatko;;Mazina
